pair_key,p_FDR_WMH,dz_WMH,r_WMH,n_used_WMH,p_FDR_NAWM,dz_NAWM,r_NAWM,n_used_NAWM,p_FDR_Pct,dz_Pct,r_Pct,n_used_Pct
DWM_frontal vs DWM_occipital,6.92e-08,-0.65,-0.55,99,3.46e-58,-4.56,-0.87,347,5.31e-01,-0.06,0.07,100
DWM_frontal vs DWM_parietal,5.71e-05,-0.33,-0.34,143,3.46e-58,-6.75,-0.87,347,9.28e-02,0.26,0.15,143
DWM_frontal vs DWM_temporal,7.03e-10,-2.4,-0.86,53,3.46e-58,-13.07,-0.87,348,6.24e-09,-0.79,-0.8,54
DWM_occipital vs DWM_parietal,2.66e-04,0.41,0.39,89,4.04e-58,2.96,0.87,346,1.52e-01,0.32,0.16,90
DWM_occipital vs DWM_temporal,7.99e-05,-0.78,-0.63,41,2.19e-47,1.14,0.78,347,3.52e-06,-0.69,-0.73,41
DWM_parietal vs DWM_temporal,4.09e-10,2.59,0.87,54,3.46e-58,6.54,0.87,347,3.45e-10,0.87,0.87,54
DWM_frontal vs PVWM_frontal,8.97e-21,-1.0,-0.73,172,1.77e-16,0.48,0.44,348,1.51e-22,-0.73,-0.76,174
DWM_occipital vs PVWM_frontal,2.38e-14,-1.05,-0.73,115,3.46e-58,-3.47,-0.87,347,1.50e-08,-0.62,-0.53,116
DWM_parietal vs PVWM_frontal,8.62e-20,-1.07,-0.76,149,1.46e-56,-1.53,-0.85,347,3.40e-10,-0.48,-0.53,148
DWM_temporal vs PVWM_frontal,3.13e-10,-3.59,-0.87,55,3.46e-58,-3.32,-0.87,348,2.68e-10,-1.14,-0.87,55
PVWM_frontal vs PVWM_occipital,2.99e-11,-0.58,-0.5,183,3.46e-58,-2.61,-0.87,348,1.84e-01,-0.2,-0.1,183
PVWM_frontal vs PVWM_parietal,1.02e-06,-0.32,-0.35,198,3.46e-58,-3.35,-0.87,348,2.05e-01,0.04,-0.09,200
PVWM_frontal vs PVWM_temporal,1.46e-21,-1.59,-0.84,139,3.46e-58,-7.33,-0.87,348,1.10e-19,-0.76,-0.79,139
PVWM_frontal vs SWM_frontal,1.80e-21,-1.27,-0.78,157,1.85e-57,4.26,0.87,341,2.02e-24,-0.77,-0.86,153
PVWM_frontal vs SWM_occipital,3.55e-14,-1.2,-0.77,102,2.07e-01,0.06,0.07,347,5.11e-16,-0.83,-0.82,102
PVWM_frontal vs SWM_parietal,3.99e-20,-2.02,-0.86,120,4.04e-58,2.43,0.87,347,3.16e-20,-0.92,-0.86,120
PVWM_frontal vs SWM_temporal,2.33e-10,-2.93,-0.87,56,1.68e-53,1.49,0.83,341,1.97e-10,-1.08,-0.87,56
DWM_frontal vs PVWM_occipital,9.65e-01,-0.0,0.0,152,3.46e-58,2.44,0.87,348,1.06e-10,-0.44,-0.54,152
DWM_occipital vs PVWM_occipital,1.05e-07,-0.57,-0.52,108,1.23e-22,-0.62,-0.53,347,6.32e-09,-0.63,-0.56,109
DWM_parietal vs PVWM_occipital,1.29e-02,-0.25,-0.21,138,6.72e-54,1.29,0.83,347,2.71e-06,-0.22,-0.4,138
DWM_temporal vs PVWM_occipital,1.72e-09,-1.83,-0.85,52,4.06e-02,-0.09,-0.11,348,2.65e-09,-1.05,-0.84,52
PVWM_occipital vs PVWM_parietal,6.74e-08,0.4,0.4,185,3.46e-58,1.95,0.87,348,1.72e-01,0.26,0.11,185
PVWM_occipital vs PVWM_temporal,1.35e-07,-0.51,-0.47,132,4.70e-42,0.93,0.73,348,1.83e-14,-0.68,-0.68,132
PVWM_occipital vs SWM_frontal,8.68e-05,-0.36,-0.34,140,1.85e-57,4.23,0.87,341,4.29e-21,-0.74,-0.83,136
PVWM_occipital vs SWM_occipital,7.59e-11,-0.85,-0.68,97,3.46e-58,2.25,0.87,347,6.26e-17,-0.82,-0.86,98
PVWM_occipital vs SWM_parietal,1.66e-12,-0.87,-0.68,115,3.46e-58,3.4,0.87,347,2.62e-19,-0.84,-0.86,114
PVWM_occipital vs SWM_temporal,1.87e-09,-1.78,-0.85,52,1.85e-57,3.06,0.87,341,8.59e-10,-0.99,-0.86,52
DWM_frontal vs PVWM_parietal,5.61e-12,-0.56,-0.54,169,2.99e-54,1.58,0.83,348,2.29e-17,-0.56,-0.66,171
DWM_occipital vs PVWM_parietal,4.97e-13,-0.93,-0.7,114,3.46e-58,-2.97,-0.87,347,2.16e-07,-0.6,-0.49,115
DWM_parietal vs PVWM_parietal,8.42e-22,-1.11,-0.81,151,2.25e-23,-0.64,-0.54,347,1.49e-15,-0.56,-0.66,152
DWM_temporal vs PVWM_parietal,4.09e-10,-3.25,-0.87,54,3.46e-58,-2.76,-0.87,348,3.45e-10,-1.16,-0.87,54
PVWM_parietal vs SWM_frontal,4.51e-17,-0.92,-0.7,152,1.85e-57,7.14,0.87,341,2.52e-23,-0.66,-0.84,149
PVWM_parietal vs SWM_occipital,4.53e-13,-1.04,-0.74,101,1.35e-57,2.1,0.86,347,1.49e-15,-0.75,-0.81,101
PVWM_parietal vs SWM_parietal,1.81e-20,-1.72,-0.85,125,3.46e-58,5.36,0.87,347,6.25e-21,-0.78,-0.86,124
PVWM_parietal vs SWM_temporal,6.13e-10,-2.52,-0.87,53,1.85e-57,3.76,0.87,341,3.45e-10,-1.06,-0.87,54
DWM_frontal vs PVWM_temporal,2.96e-10,0.62,0.56,131,3.46e-58,2.48,0.87,348,3.19e-02,0.15,0.19,131
DWM_occipital vs PVWM_temporal,8.58e-03,-0.32,-0.29,85,3.47e-58,-1.86,-0.87,347,2.05e-01,0.09,0.14,85
DWM_parietal vs PVWM_temporal,1.46e-03,0.28,0.29,127,1.19e-29,0.75,0.61,347,1.83e-04,0.35,0.34,127
DWM_temporal vs PVWM_temporal,1.22e-09,-2.43,-0.87,51,6.01e-50,-1.17,-0.8,348,1.41e-09,-1.06,-0.85,52
PVWM_parietal vs PVWM_temporal,8.42e-22,1.65,0.84,140,3.46e-58,3.89,0.87,348,4.29e-21,0.73,0.82,141
PVWM_temporal vs SWM_frontal,1.43e-02,0.22,0.23,120,1.85e-57,6.89,0.87,341,5.93e-12,-0.55,-0.65,117
PVWM_temporal vs SWM_occipital,6.78e-05,-0.53,-0.47,74,3.46e-58,3.5,0.87,347,1.94e-09,-0.72,-0.7,75
PVWM_temporal vs SWM_parietal,5.71e-09,-0.67,-0.57,109,3.46e-58,5.58,0.87,347,2.29e-17,-0.67,-0.82,110
PVWM_temporal vs SWM_temporal,1.36e-08,-1.63,-0.84,47,1.85e-57,4.47,0.87,341,2.48e-09,-1.04,-0.86,49
DWM_frontal vs SWM_frontal,9.02e-11,0.55,0.55,148,1.85e-57,-4.39,-0.87,341,8.34e-23,0.54,0.83,149
DWM_occipital vs SWM_frontal,3.63e-03,-0.32,-0.31,93,2.42e-57,-6.21,-0.87,340,1.75e-10,0.53,0.68,91
DWM_parietal vs SWM_frontal,4.92e-01,0.04,0.06,133,1.85e-57,-8.6,-0.87,341,3.64e-17,0.49,0.75,130
DWM_temporal vs SWM_frontal,4.09e-10,-2.04,-0.87,54,1.85e-57,-10.24,-0.87,341,6.09e-02,-0.21,-0.27,52
SWM_frontal vs SWM_occipital,3.33e-03,-0.38,-0.33,82,2.42e-57,-8.49,-0.87,340,8.36e-01,-0.23,-0.02,80
SWM_frontal vs SWM_parietal,1.31e-12,-0.83,-0.68,115,1.85e-57,-7.82,-0.87,341,2.13e-06,-0.29,-0.46,111
SWM_frontal vs SWM_temporal,1.58e-09,-1.81,-0.85,52,2.13e-56,-13.29,-0.87,334,2.14e-08,-0.83,-0.8,50
DWM_frontal vs SWM_occipital,2.18e-09,0.82,0.66,85,3.45e-28,0.72,0.59,347,8.28e-10,0.6,0.68,85
DWM_occipital vs SWM_occipital,1.52e-03,0.28,0.3,117,3.46e-58,-4.78,-0.87,347,1.33e-19,0.58,0.84,120
DWM_parietal vs SWM_occipital,1.24e-05,0.57,0.5,80,4.04e-58,-2.48,-0.87,346,2.68e-10,0.63,0.72,80
DWM_temporal vs SWM_occipital,5.21e-03,-0.5,-0.46,38,3.46e-58,-4.83,-0.87,347,6.40e-01,0.18,0.08,39
SWM_occipital vs SWM_parietal,5.16e-01,0.1,0.08,71,4.04e-58,4.88,0.87,346,8.32e-01,0.16,-0.03,72
SWM_occipital vs SWM_temporal,1.66e-03,-0.6,-0.52,38,2.43e-57,2.97,0.87,340,2.23e-04,-0.59,-0.6,39
DWM_frontal vs SWM_parietal,9.86e-17,1.2,0.79,118,6.12e-57,-1.5,-0.85,347,2.91e-19,0.65,0.84,118
DWM_occipital vs SWM_parietal,3.59e-01,0.09,0.11,80,4.04e-58,-5.14,-0.87,346,2.93e-11,0.6,0.76,81
DWM_parietal vs SWM_parietal,4.50e-15,1.04,0.74,120,3.46e-58,-5.62,-0.87,347,6.33e-20,0.57,0.86,119
DWM_temporal vs SWM_parietal,2.01e-08,-1.22,-0.78,53,3.46e-58,-7.4,-0.87,347,8.57e-01,-0.06,0.02,54
DWM_frontal vs SWM_temporal,1.22e-09,2.11,0.86,52,5.14e-38,-0.86,-0.7,341,5.83e-10,0.82,0.87,53
DWM_occipital vs SWM_temporal,2.25e-05,0.85,0.67,42,2.42e-57,-4.88,-0.87,340,1.87e-08,0.74,0.87,43
DWM_parietal vs SWM_temporal,2.23e-09,1.94,0.87,49,2.42e-57,-5.27,-0.87,340,1.99e-09,0.9,0.87,49
DWM_temporal vs SWM_temporal,8.42e-01,0.02,0.03,40,1.85e-57,-7.69,-0.87,341,8.24e-08,0.62,0.84,42
SWM_parietal vs SWM_temporal,4.84e-06,0.92,0.67,48,2.42e-57,2.96,0.87,340,7.08e-07,0.73,0.72,48
