Metric,Layer,Beta_Age_raw,PctChangePerDecade,p_Age_raw,R2_full,R2_AgeOnly,R2_VolOnly,PartialR2_Age,PartialR2_Vol,p_Age_FDR,Group,GroupCombined
MT,Center,-0.0018935512565864138,-2.310748512749374,0.3497688740439271,0.015443978829697835,0.012852144264811849,0.006754816247407258,0.008748255440275016,0.0026255788834750513,0.40618320856714113,Myelin-sensitive,Myelin-sensitive
MT,Inner2,0.0015778715162278801,1.9130371221074312,0.04914418910576859,0.1136793412794187,0.09125700876985676,0.09905506918286078,0.016232148710014938,0.02467400874168985,0.06938003167873213,Myelin-sensitive,Myelin-sensitive
MT,Inner1,-0.0002862256293689732,-0.29241737629299247,0.6205216654657826,0.0007589073164228077,0.0002573359554213228,1.4373739953832398e-06,0.000757471031196587,0.0005017004665703851,0.6980868736490055,Myelin-sensitive,Myelin-sensitive
MT,Outer1,-0.002186942902723932,-1.742485198347593,5.842391464606783e-06,0.06756091082683924,0.007996663854275332,0.006440786774824847,0.0615163376660898,0.06004440187065455,1.450524777419615e-05,Myelin-sensitive,Myelin-sensitive
MT,Outer2,-0.002893330614289996,-2.0659739013455964,1.5293506967785766e-11,0.13262751699322994,0.06518661845522988,0.0016507120106223905,0.1311933674499712,0.0721437025500797,1.1011325016805751e-10,Myelin-sensitive,Myelin-sensitive
MT,Outer3,-0.0027386215164427233,-1.869036210318433,5.377796380540123e-12,0.19528712922293445,0.1808754783706269,0.06789012609642642,0.13667595065052085,0.017593968281697167,4.3022371044320986e-11,Myelin-sensitive,Myelin-sensitive
MT,Outer4,-0.0027131178523789167,-1.8226960565808328,2.376361169656543e-13,0.2924914899452856,0.2915557530849606,0.16482788013554617,0.15285904159547245,0.001320833452173149,2.138725052690889e-12,Myelin-sensitive,Myelin-sensitive
MT,Outer5,-0.0027617671861828036,-1.8415072521538765,1.1517022100090158e-14,0.3670549315608349,0.3666515682911273,0.23897213764669856,0.168302371371884,0.0006368741904345489,1.382042652010819e-13,Myelin-sensitive,Myelin-sensitive
R1,Center,-0.31645284061407297,-0.5033363178675516,0.732137446619992,0.03880924450539036,0.008028688438924458,0.037676821208390554,0.00117675986815759,0.03102968372948833,0.7986953963127186,Myelin-sensitive,Myelin-sensitive
R1,Inner2,0.3453337410897208,0.5355418453093057,0.3162889201185354,0.019128533884117505,0.016989065498553724,0.014954695678810692,0.0042372043062355105,0.0021764441375709165,0.3733246270251565,Myelin-sensitive,Myelin-sensitive
R1,Inner1,-0.404960265825809,-0.5589915872808277,0.09021184725149949,0.04839443241727592,0.04581099049286297,0.039912770055637425,0.008834262238994695,0.0027074739896106835,0.11809550912923569,Myelin-sensitive,Myelin-sensitive
R1,Outer1,-0.941506036274468,-1.1039206411726603,1.4594682058821332e-05,0.056662089772746005,0.018004040058536064,0.0002484046727335709,0.05642770200486206,0.039366811362965604,3.3897326072101155e-05,Myelin-sensitive,Myelin-sensitive
R1,Outer2,-1.100458442310564,-1.1999833797628805,8.689647682277214e-09,0.09907307865815318,0.05162805787928637,0.0019680137558094613,0.0972965458429554,0.05002786214106254,3.475859072910886e-08,Myelin-sensitive,Myelin-sensitive
R1,Outer3,-0.9726031873510602,-1.0301571735118593,8.186153423159129e-08,0.13484275794731881,0.1285662743384578,0.05440205370067597,0.08506861141297337,0.007202479573643162,2.947015232337286e-07,Myelin-sensitive,Myelin-sensitive
R1,Outer4,-0.9026439457841775,-0.9478885131230222,1.3530754068583372e-07,0.2089630130953538,0.20857606299458276,0.13800961190298255,0.0823134482381089,0.0004889289831631748,4.6391156806571557e-07,Myelin-sensitive,Myelin-sensitive
R1,Outer5,-0.8711784209950587,-0.9124220149504739,2.1502125174093563e-07,0.25663294665073433,0.25161816694026884,0.19219495970808465,0.07976923109982555,0.006700830363509426,6.590799716336812e-07,Myelin-sensitive,Myelin-sensitive
R2s,Center,-1.6353395947248185e-05,-1.2855927506726161,0.510393671885077,0.060556218013327334,0.017290938413991985,0.05645667137162769,0.004344841956181443,0.04402653978738011,0.5833070535829451,Myelin-sensitive,Myelin-sensitive
R2s,Inner2,1.8681857981659385e-06,0.1386819562633664,0.8619381343778517,0.00028745748627467815,5.4011031314082913e-08,0.00015960547612980935,0.00012787241928323236,0.000287403490766323,0.8865649382172189,Myelin-sensitive,Myelin-sensitive
R2s,Inner1,-4.1589707236262463e-07,-0.025990675288465655,0.9527974860809244,0.13940093353317595,0.08741313485120905,0.13939161203577555,1.0831288110560127e-05,0.056967507058619186,0.9550744076587248,Myelin-sensitive,Myelin-sensitive
R2s,Outer1,-1.580901615820818e-05,-0.8313709754938706,0.016653184655069247,0.06493086477208032,0.06379030921715667,0.048213409000912866,0.017564290072230582,0.0012182693323436293,0.026065854242717085,Myelin-sensitive,Myelin-sensitive
R2s,Outer2,-2.5071826155979888e-05,-1.220151179589833,4.711549856287485e-05,0.10300443576379681,0.10238465119976192,0.05588967988483762,0.04990386703241645,0.0006904790173912432,9.977399695667616e-05,Myelin-sensitive,Myelin-sensitive
R2s,Outer3,-2.7999531044612348e-05,-1.3221693413793443,2.030501113871829e-06,0.17555608470112383,0.17522664404313704,0.1159937840716988,0.06737769436030291,0.0003994317415898928,5.22128857852756e-06,Myelin-sensitive,Myelin-sensitive
R2s,Outer4,-2.7409555412850533e-05,-1.2851255494865674,6.419457082294487e-07,0.22474248565494326,0.22185994905080741,0.16301994806450115,0.07374433530131337,0.0037043930596036808,1.777695807404627e-06,Myelin-sensitive,Myelin-sensitive
R2s,Outer5,-2.5572184600068266e-05,-1.1972206625129571,5.378584895907942e-07,0.25182045552064114,0.24595508435355906,0.19140169356760117,0.07472036667948569,0.007778543486436361,1.5490324500214874e-06,Myelin-sensitive,Myelin-sensitive
ISOVF,Center,0.0011917975451224835,5.717741574208767,0.08796785956303937,0.06828399020299747,0.05003198930504871,0.04033682275480932,0.029121850364638657,0.01921327949200781,0.11729047941738584,Fluid-sensitive,Fluid/Composite
ISOVF,Inner2,0.0013045786088748336,6.897444710979022,7.523698458657468e-06,0.2616240514971756,0.24010371478061276,0.19510592372547064,0.08264208885669234,0.028320097275314052,1.805687630077792e-05,Fluid-sensitive,Fluid/Composite
ISOVF,Inner1,0.0022872416518880424,12.038918728676142,3.266991975252963e-14,0.28767028606933065,0.28401936059523214,0.14655613493480324,0.16534672860264493,0.005099195806654374,3.3603346031173333e-13,Fluid-sensitive,Fluid/Composite
ISOVF,Outer1,0.0018203879615328376,12.215352695387168,5.5245257857206937e-17,0.24193320533633977,0.20352599043160025,0.05518963692597956,0.1976519053016885,0.04822155455587555,7.955317131437798e-16,Fluid-sensitive,Fluid/Composite
ISOVF,Outer2,0.0015107271082048072,11.999430516090829,1.463933945373279e-19,0.24854350760319466,0.1776706177700934,0.0283378520480152,0.2266278006396736,0.08618552536808982,2.6350811016719025e-18,Fluid-sensitive,Fluid/Composite
ISOVF,Outer3,0.0012695486971344338,11.395586651817526,3.8273036751380565e-20,0.2551929642459012,0.18212233247108234,0.028884126808870203,0.23303999418047833,0.08934176182556705,9.185528820331337e-19,Fluid-sensitive,Fluid/Composite
ISOVF,Outer4,0.0011494869057596293,11.081849180816226,2.3278734176258958e-22,0.2855041322039986,0.21199067860752163,0.03840943786598816,0.2569645585847318,0.09329008122210099,8.380344303453226e-21,Fluid-sensitive,Fluid/Composite
ISOVF,Outer5,0.0010769838592548145,10.844495935164131,9.462694388956038e-23,0.30342178232435946,0.2440180516097068,0.05726390009707205,0.26111006277645876,0.07857823965392373,6.813139960048347e-21,Fluid-sensitive,Fluid/Composite
ICVF,Center,0.001172177123287368,4.406909520207435,0.1359900067786828,0.12125683441545476,0.0008851804515449535,0.10120208324199953,0.022312858985914775,0.12047829899901913,0.17484429442973504,Axon-sensitive,Axon-sensitive
ICVF,Inner2,0.0012541540126919505,4.13477248087869,4.907250206936856e-05,0.068622016116349,0.03299406401093563,0.00019389237675682125,0.06844139400414419,0.036843571253751095,0.00010094914711412962,Axon-sensitive,Axon-sensitive
ICVF,Inner1,0.0012128258590126083,3.3139000608977085,2.196933238778937e-07,0.08360717696120523,0.017314542305706504,0.0030002732288961775,0.08084947424545803,0.06746068554941606,6.590799716336812e-07,Axon-sensitive,Axon-sensitive
ICVF,Outer1,0.0009211864084110388,2.0860601412868354,1.2784225655954243e-06,0.15788906020982452,0.15775242121967248,0.09353325569470727,0.0709963216184383,0.0001622313837338747,3.409126841587798e-06,Axon-sensitive,Axon-sensitive
ICVF,Outer2,0.0006359204106271822,1.282037562416322,4.015436252475663e-05,0.21820681424363697,0.20908514227774366,0.17569694539952718,0.05157067974801292,0.011533064370749933,8.760951823583265e-05,Axon-sensitive,Axon-sensitive
ICVF,Outer3,0.0004908918066792117,0.9239445839729226,0.00034045574687464414,0.1806634598172413,0.17232431497989975,0.1469753599548872,0.03949252844627382,0.010075377334709347,0.0006809114937492883,Axon-sensitive,Axon-sensitive
ICVF,Outer4,0.00040132942439516687,0.731631534348593,0.0016149003665331307,0.10310561021133291,0.10186092223399046,0.07466561828592666,0.03073482676902646,0.0013858521560362698,0.003059811220799616,Axon-sensitive,Axon-sensitive
ICVF,Outer5,0.00037178774585059314,0.6675469246492592,0.002341563197943021,0.048510530926777484,0.04657055987865677,0.02043984629210094,0.028656417401648527,0.0020347295420978543,0.004322885903894808,Axon-sensitive,Axon-sensitive
OD,Center,-0.0002722598140340065,-1.597518601119967,0.7841701990040941,0.09346052304244601,0.015493998416980626,0.09276987276842819,0.0007612735217748494,0.07919354935378806,0.8302978577690409,Axon-sensitive,Axon-sensitive
OD,Inner2,0.0004180864729945031,2.271635025321923,0.17354882852893905,0.018453786117806792,3.087570574178411e-05,0.01060391863007104,0.007933998967194954,0.01842347924998907,0.21543992507040707,Axon-sensitive,Axon-sensitive
OD,Inner1,0.0005364736290970341,2.6058207171046246,0.03299436337745861,0.019673720311972454,0.00020145336804977543,0.005580857089460656,0.014171954877360633,0.019476190488093282,0.0484815135342249,Axon-sensitive,Axon-sensitive
OD,Outer1,0.0005415125716970843,2.650747895333372,0.00963007659697529,0.020874360891516952,0.0069043063050330256,5.2770821853176386e-05,0.020822688900070226,0.014067178697056038,0.015758307158686837,Axon-sensitive,Axon-sensitive
OD,Outer2,0.0004338414123227117,2.11434694304429,0.013676010676183499,0.03189083942874471,0.03053368432230652,0.013234260461191916,0.01890679643607454,0.0013998991862749638,0.0218816170818936,Axon-sensitive,Axon-sensitive
OD,Outer3,0.00030062866171409497,1.4517510318004132,0.0397475165934312,0.08838957210213472,0.08151337760248523,0.07620572604288711,0.013188917059485085,0.007486439466805343,0.05723642389454092,Axon-sensitive,Axon-sensitive
OD,Outer4,0.000220766492200176,1.0386653289890613,0.07866771264605392,0.16727886440711426,0.13682154195595297,0.15915489096582125,0.009661676513317015,0.035285081743324835,0.10686934548143173,Axon-sensitive,Axon-sensitive
OD,Outer5,0.0001612952049860142,0.7376343022070531,0.1460323575798017,0.21476045776570196,0.1642385008274292,0.20953316558038826,0.006612917781872231,0.06045020856822316,0.18446192536396006,Axon-sensitive,Axon-sensitive
MD,Center,-4.103471070453527e-07,-0.31467453306346455,0.8252701840415344,0.0979216686128892,0.00675175649319959,0.09747519410053307,0.000494695003879888,0.09178965350877603,0.8611514963911663,Fluid-sensitive,Fluid/Composite
MD,Inner2,-2.185424418390338e-07,-0.1766838577950747,0.7038971425596656,0.09217006553172113,0.03582085209532393,0.09160586793352488,0.0006210933979866038,0.058442680033947585,0.7797014502199373,Fluid-sensitive,Fluid/Composite
MD,Inner1,1.539705311448004e-06,1.3163538369198713,0.0014413347386752213,0.14069420851813297,0.13502359016074106,0.1128628994024542,0.031372049592935,0.006555806947897802,0.0028047594914761068,Fluid-sensitive,Fluid/Composite
MD,Outer1,1.4192673444302324e-06,1.3854092204875261,3.806566387067456e-05,0.053685588207383006,0.011149248127634515,0.0019121985839363198,0.051872580298037714,0.043015935417156675,8.564774370901777e-05,Fluid-sensitive,Fluid/Composite
MD,Outer2,1.5124744116531896e-06,1.617444552660814,2.6410584113781033e-08,0.12641021124909757,0.0010047310090680606,0.03724502741956548,0.09261461780929174,0.1255316057369315,1.0008221348380181e-07,Fluid-sensitive,Fluid/Composite
MD,Outer3,1.3898523037480812e-06,1.57943998451661,2.7000031341165407e-09,0.12914815033256988,0.004606188404671641,0.02680765899490567,0.10515957331925661,0.12511828029982777,1.1435307391552408e-08,Fluid-sensitive,Fluid/Composite
MD,Outer4,1.320586845406899e-06,1.5493684607299036,7.861856356235487e-11,0.12917870963276545,0.024927949437652086,0.005521140659324852,0.12434409018551058,0.10691595573372184,4.354258904991962e-10,Fluid-sensitive,Fluid/Composite
MD,Outer5,1.2462554999028019e-06,1.486803758318404,3.6885220288019916e-11,0.13070013932413205,0.06797142525158362,0.0026330461066336186,0.12840519000310766,0.06730342370616788,2.213113217281195e-10,Fluid-sensitive,Fluid/Composite
FA,Center,0.00034423316376677336,1.398273276665934,0.7488954761447121,0.002632611041611832,0.001893019177987565,0.001594605119820014,0.001039663774970277,0.0007409945805760825,0.8047831982450637,Axon-sensitive,Axon-sensitive
FA,Inner2,0.00038932996838112735,1.4555286666822704,0.24300227656712955,0.007186582718404,0.006545372486184697,0.0013488771636981367,0.005845590538291294,0.000645434843686795,0.29160273188055547,Axon-sensitive,Axon-sensitive
FA,Inner1,1.4571537283625556e-05,0.04842462040994667,0.9550744076587248,0.003101163201265522,0.0017538273245740754,0.003091229522182881,9.964481582281374e-06,0.0013497030227327758,0.9550744076587248,Axon-sensitive,Axon-sensitive
FA,Outer1,-0.0002875822196519081,-0.7981698682705846,0.21478542785331928,0.011535939894333658,0.0004908511656326331,0.006748499226681415,0.004819968219453856,0.011050512885831873,0.2621110306006608,Axon-sensitive,Axon-sensitive
FA,Outer2,-0.0004461381109800134,-1.1104654118935446,0.029009209468381106,0.01511059356165989,0.0038857864365949846,0.0002586933969537242,0.014855743247391107,0.01126859447664173,0.04351381420257166,Axon-sensitive,Axon-sensitive
FA,Outer3,-0.00045970704280238507,-1.0753874449045904,0.009288150729656405,0.04591113278607406,0.04569622565360665,0.025424655682485975,0.021020926932985948,0.00022519782300410907,0.015552252384540957,Axon-sensitive,Axon-sensitive
FA,Outer4,-0.000438631933557907,-1.0070993010586138,0.004047232184350226,0.13769145517741943,0.12957091205514704,0.11502893707414608,0.025608202406469084,0.00932935633096269,0.007285017931830406,Axon-sensitive,Axon-sensitive
FA,Outer5,-0.00039114672042867655,-0.8961578311394306,0.004575834876483583,0.21347536799724376,0.18822254825476725,0.19336852407507288,0.024926927007299447,0.031108057618729992,0.008035612466019951,Axon-sensitive,Axon-sensitive
g_ratio,Center,0.0012488084560305264,1.8724957013023094,0.00857347526750358,0.08713010345230399,0.038495141609715455,0.02079748097136369,0.06774147450799238,0.05058212802378489,0.01469738617286328,Composite,Fluid/Composite
g_ratio,Inner2,0.0003252575189542331,0.47301965548178904,0.06938856810490891,0.13430910453920042,0.024692101197921534,0.12194404955443217,0.014082308739544023,0.11239220299139988,0.09607647891448927,Composite,Fluid/Composite
g_ratio,Inner1,0.0002941228242332823,0.42800965265371077,0.020624621692527736,0.05074127313573118,0.004701111829963134,0.03463653055845828,0.016682568884224945,0.04625762356714554,0.031595165145999936,Composite,Fluid/Composite
g_ratio,Outer1,0.0005033447145405504,0.7376652717983861,1.4327720952467125e-07,0.10436536186287415,0.08713049619674507,0.023052603076858302,0.08323146061098813,0.01887987888118082,4.6890723117165133e-07,Composite,Fluid/Composite
g_ratio,Outer2,0.0004933133446367605,0.7191867569444227,1.0912632568790545e-10,0.22527503212617794,0.22290290835882198,0.11704245750768094,0.12257959121453287,0.003052544904454848,5.612211035377995e-10,Composite,Fluid/Composite
g_ratio,Outer3,0.00042735007956453536,0.6180696564113315,2.231633444743879e-10,0.3107332501312372,0.30850970565808156,0.21788033485713199,0.11871957631591323,0.0032155830549606824,1.0042350501347456e-09,Composite,Fluid/Composite
g_ratio,Outer4,0.0003975347300542761,0.5721724094126794,1.7745943825657418e-10,0.346114843005224,0.34022629453158215,0.25698450438265397,0.11995757712766769,0.008925103296532807,8.518053036315561e-10,Composite,Fluid/Composite
g_ratio,Outer5,0.000404579132718903,0.5809004013417945,1.7892721086227358e-11,0.3558054467985263,0.351523545567905,0.25760757669064993,0.13227218789510461,0.006603017274345325,1.1711599256439724e-10,Composite,Fluid/Composite
