Region,Group,Metric,n
NAWM_DWM_frontal,NAWM,FA,191
NAWM_DWM_frontal,NAWM,ICVF,192
NAWM_DWM_frontal,NAWM,ISOVF,192
NAWM_DWM_frontal,NAWM,MD,191
NAWM_DWM_frontal,NAWM,MT,195
NAWM_DWM_frontal,NAWM,OD,192
NAWM_DWM_frontal,NAWM,R1,195
NAWM_DWM_frontal,NAWM,R2*,195
NAWM_DWM_frontal,NAWM,g-ratio,192
NAWM_DWM_occipital,NAWM,FA,191
NAWM_DWM_occipital,NAWM,ICVF,192
NAWM_DWM_occipital,NAWM,ISOVF,192
NAWM_DWM_occipital,NAWM,MD,191
NAWM_DWM_occipital,NAWM,MT,195
NAWM_DWM_occipital,NAWM,OD,192
NAWM_DWM_occipital,NAWM,R1,195
NAWM_DWM_occipital,NAWM,R2*,195
NAWM_DWM_occipital,NAWM,g-ratio,192
NAWM_DWM_parietal,NAWM,FA,191
NAWM_DWM_parietal,NAWM,ICVF,192
NAWM_DWM_parietal,NAWM,ISOVF,192
NAWM_DWM_parietal,NAWM,MD,191
NAWM_DWM_parietal,NAWM,MT,195
NAWM_DWM_parietal,NAWM,OD,192
NAWM_DWM_parietal,NAWM,R1,195
NAWM_DWM_parietal,NAWM,R2*,195
NAWM_DWM_parietal,NAWM,g-ratio,192
NAWM_DWM_temporal,NAWM,FA,192
NAWM_DWM_temporal,NAWM,ICVF,192
NAWM_DWM_temporal,NAWM,ISOVF,192
NAWM_DWM_temporal,NAWM,MD,192
NAWM_DWM_temporal,NAWM,MT,195
NAWM_DWM_temporal,NAWM,OD,192
NAWM_DWM_temporal,NAWM,R1,195
NAWM_DWM_temporal,NAWM,R2*,195
NAWM_DWM_temporal,NAWM,g-ratio,192
NAWM_PVWM_frontal,NAWM,FA,192
NAWM_PVWM_frontal,NAWM,ICVF,192
NAWM_PVWM_frontal,NAWM,ISOVF,192
NAWM_PVWM_frontal,NAWM,MD,192
NAWM_PVWM_frontal,NAWM,MT,195
NAWM_PVWM_frontal,NAWM,OD,192
NAWM_PVWM_frontal,NAWM,R1,195
NAWM_PVWM_frontal,NAWM,R2*,195
NAWM_PVWM_frontal,NAWM,g-ratio,192
NAWM_PVWM_occipital,NAWM,FA,192
NAWM_PVWM_occipital,NAWM,ICVF,192
NAWM_PVWM_occipital,NAWM,ISOVF,192
NAWM_PVWM_occipital,NAWM,MD,192
NAWM_PVWM_occipital,NAWM,MT,195
NAWM_PVWM_occipital,NAWM,OD,192
NAWM_PVWM_occipital,NAWM,R1,195
NAWM_PVWM_occipital,NAWM,R2*,195
NAWM_PVWM_occipital,NAWM,g-ratio,192
NAWM_PVWM_parietal,NAWM,FA,192
NAWM_PVWM_parietal,NAWM,ICVF,192
NAWM_PVWM_parietal,NAWM,ISOVF,192
NAWM_PVWM_parietal,NAWM,MD,192
NAWM_PVWM_parietal,NAWM,MT,195
NAWM_PVWM_parietal,NAWM,OD,192
NAWM_PVWM_parietal,NAWM,R1,195
NAWM_PVWM_parietal,NAWM,R2*,195
NAWM_PVWM_parietal,NAWM,g-ratio,192
NAWM_PVWM_temporal,NAWM,FA,192
NAWM_PVWM_temporal,NAWM,ICVF,192
NAWM_PVWM_temporal,NAWM,ISOVF,192
NAWM_PVWM_temporal,NAWM,MD,192
NAWM_PVWM_temporal,NAWM,MT,195
NAWM_PVWM_temporal,NAWM,OD,192
NAWM_PVWM_temporal,NAWM,R1,195
NAWM_PVWM_temporal,NAWM,R2*,195
NAWM_PVWM_temporal,NAWM,g-ratio,192
NAWM_SWM_frontal,NAWM,FA,188
NAWM_SWM_frontal,NAWM,ICVF,192
NAWM_SWM_frontal,NAWM,ISOVF,192
NAWM_SWM_frontal,NAWM,MD,188
NAWM_SWM_frontal,NAWM,MT,195
NAWM_SWM_frontal,NAWM,OD,192
NAWM_SWM_frontal,NAWM,R1,195
NAWM_SWM_frontal,NAWM,R2*,195
NAWM_SWM_frontal,NAWM,g-ratio,192
NAWM_SWM_occipital,NAWM,FA,191
NAWM_SWM_occipital,NAWM,ICVF,192
NAWM_SWM_occipital,NAWM,ISOVF,192
NAWM_SWM_occipital,NAWM,MD,191
NAWM_SWM_occipital,NAWM,MT,195
NAWM_SWM_occipital,NAWM,OD,192
NAWM_SWM_occipital,NAWM,R1,195
NAWM_SWM_occipital,NAWM,R2*,195
NAWM_SWM_occipital,NAWM,g-ratio,192
NAWM_SWM_parietal,NAWM,FA,191
NAWM_SWM_parietal,NAWM,ICVF,192
NAWM_SWM_parietal,NAWM,ISOVF,192
NAWM_SWM_parietal,NAWM,MD,191
NAWM_SWM_parietal,NAWM,MT,195
NAWM_SWM_parietal,NAWM,OD,192
NAWM_SWM_parietal,NAWM,R1,195
NAWM_SWM_parietal,NAWM,R2*,195
NAWM_SWM_parietal,NAWM,g-ratio,192
NAWM_SWM_temporal,NAWM,FA,187
NAWM_SWM_temporal,NAWM,ICVF,192
NAWM_SWM_temporal,NAWM,ISOVF,192
NAWM_SWM_temporal,NAWM,MD,187
NAWM_SWM_temporal,NAWM,MT,195
NAWM_SWM_temporal,NAWM,OD,192
NAWM_SWM_temporal,NAWM,R1,195
NAWM_SWM_temporal,NAWM,R2*,195
NAWM_SWM_temporal,NAWM,g-ratio,192
WMH_DWM_frontal,WMH,FA,159
WMH_DWM_frontal,WMH,ICVF,159
WMH_DWM_frontal,WMH,ISOVF,159
WMH_DWM_frontal,WMH,MD,159
WMH_DWM_frontal,WMH,MT,162
WMH_DWM_frontal,WMH,OD,159
WMH_DWM_frontal,WMH,R1,162
WMH_DWM_frontal,WMH,R2*,162
WMH_DWM_frontal,WMH,g-ratio,159
WMH_DWM_occipital,WMH,FA,104
WMH_DWM_occipital,WMH,ICVF,104
WMH_DWM_occipital,WMH,ISOVF,104
WMH_DWM_occipital,WMH,MD,104
WMH_DWM_occipital,WMH,MT,106
WMH_DWM_occipital,WMH,OD,104
WMH_DWM_occipital,WMH,R1,106
WMH_DWM_occipital,WMH,R2*,106
WMH_DWM_occipital,WMH,g-ratio,104
WMH_DWM_parietal,WMH,FA,145
WMH_DWM_parietal,WMH,ICVF,145
WMH_DWM_parietal,WMH,ISOVF,145
WMH_DWM_parietal,WMH,MD,145
WMH_DWM_parietal,WMH,MT,148
WMH_DWM_parietal,WMH,OD,145
WMH_DWM_parietal,WMH,R1,148
WMH_DWM_parietal,WMH,R2*,148
WMH_DWM_parietal,WMH,g-ratio,145
WMH_DWM_temporal,WMH,FA,58
WMH_DWM_temporal,WMH,ICVF,58
WMH_DWM_temporal,WMH,ISOVF,58
WMH_DWM_temporal,WMH,MD,58
WMH_DWM_temporal,WMH,MT,59
WMH_DWM_temporal,WMH,OD,58
WMH_DWM_temporal,WMH,R1,59
WMH_DWM_temporal,WMH,R2*,59
WMH_DWM_temporal,WMH,g-ratio,58
WMH_PVWM_frontal,WMH,FA,181
WMH_PVWM_frontal,WMH,ICVF,181
WMH_PVWM_frontal,WMH,ISOVF,181
WMH_PVWM_frontal,WMH,MD,181
WMH_PVWM_frontal,WMH,MT,184
WMH_PVWM_frontal,WMH,OD,181
WMH_PVWM_frontal,WMH,R1,184
WMH_PVWM_frontal,WMH,R2*,184
WMH_PVWM_frontal,WMH,g-ratio,181
WMH_PVWM_occipital,WMH,FA,163
WMH_PVWM_occipital,WMH,ICVF,163
WMH_PVWM_occipital,WMH,ISOVF,163
WMH_PVWM_occipital,WMH,MD,163
WMH_PVWM_occipital,WMH,MT,164
WMH_PVWM_occipital,WMH,OD,163
WMH_PVWM_occipital,WMH,R1,164
WMH_PVWM_occipital,WMH,R2*,164
WMH_PVWM_occipital,WMH,g-ratio,163
WMH_PVWM_parietal,WMH,FA,176
WMH_PVWM_parietal,WMH,ICVF,176
WMH_PVWM_parietal,WMH,ISOVF,176
WMH_PVWM_parietal,WMH,MD,176
WMH_PVWM_parietal,WMH,MT,179
WMH_PVWM_parietal,WMH,OD,176
WMH_PVWM_parietal,WMH,R1,179
WMH_PVWM_parietal,WMH,R2*,179
WMH_PVWM_parietal,WMH,g-ratio,176
WMH_PVWM_temporal,WMH,FA,132
WMH_PVWM_temporal,WMH,ICVF,132
WMH_PVWM_temporal,WMH,ISOVF,132
WMH_PVWM_temporal,WMH,MD,132
WMH_PVWM_temporal,WMH,MT,133
WMH_PVWM_temporal,WMH,OD,132
WMH_PVWM_temporal,WMH,R1,133
WMH_PVWM_temporal,WMH,R2*,133
WMH_PVWM_temporal,WMH,g-ratio,132
WMH_SWM_frontal,WMH,FA,141
WMH_SWM_frontal,WMH,ICVF,141
WMH_SWM_frontal,WMH,ISOVF,141
WMH_SWM_frontal,WMH,MD,141
WMH_SWM_frontal,WMH,MT,143
WMH_SWM_frontal,WMH,OD,141
WMH_SWM_frontal,WMH,R1,143
WMH_SWM_frontal,WMH,R2*,143
WMH_SWM_frontal,WMH,g-ratio,141
WMH_SWM_occipital,WMH,FA,75
WMH_SWM_occipital,WMH,ICVF,75
WMH_SWM_occipital,WMH,ISOVF,75
WMH_SWM_occipital,WMH,MD,75
WMH_SWM_occipital,WMH,MT,77
WMH_SWM_occipital,WMH,OD,75
WMH_SWM_occipital,WMH,R1,77
WMH_SWM_occipital,WMH,R2*,77
WMH_SWM_occipital,WMH,g-ratio,75
WMH_SWM_parietal,WMH,FA,107
WMH_SWM_parietal,WMH,ICVF,107
WMH_SWM_parietal,WMH,ISOVF,107
WMH_SWM_parietal,WMH,MD,107
WMH_SWM_parietal,WMH,MT,109
WMH_SWM_parietal,WMH,OD,107
WMH_SWM_parietal,WMH,R1,109
WMH_SWM_parietal,WMH,R2*,109
WMH_SWM_parietal,WMH,g-ratio,107
WMH_SWM_temporal,WMH,FA,50
WMH_SWM_temporal,WMH,ICVF,50
WMH_SWM_temporal,WMH,ISOVF,50
WMH_SWM_temporal,WMH,MD,50
WMH_SWM_temporal,WMH,MT,51
WMH_SWM_temporal,WMH,OD,50
WMH_SWM_temporal,WMH,R1,51
WMH_SWM_temporal,WMH,R2*,51
WMH_SWM_temporal,WMH,g-ratio,50
